_id,filenames[0],filenames[1],filenames[2],filenames[3],filenames[4]
AIS-001,7_AIS 001_Part_1_Rev_2_&_Corri_1F_3eeec486-eb12-4468-ba72-e42ef749a1c0.pdf,PUB_5~23~2011~4~48~45~PM~AIS-001withAmd1and2(60910).pdf,PUB_5~6~2011~5~34~15~PM~AIS-001(Part1)(Rev.1)F.pdf,PUB_5~6~2011~5~39~24~PM~AIS-001(Part2)(Rev.1)F.pdf,
AIS-002,5192015105902AMAIS_002.PDF,7_AIS_002_Part1_Rev2_&_Amd_a9d73d40-acb0-4b0b-a89c-0f9f5fe09787.pdf,PUB_10~17~2011~12~05~20~PM~AIS-002_Part1_Rev1_F.pdf,PUB_5~6~2011~5~43~48~PM~AIS-002(Part2)(Rev.1)F.pdf,
AIS-005,5-15-2008-11-22-30-AM06_AIS-005.pdf,,,,
AIS-011,330201534141PMAIS-011.pdf,,,,
AIS-014,PUB_2~27~2012~12~08~23~PM~AIS-014_Amds_1_and_2_and_3.pdf,,,,
AIS-015,5~15~2008~11~39~25~AM16 AIS-015.PDF,,,,
AIS-018,7302018102243AMAIS_018.pdf,,,,
AIS-022,10172013104127AMAIS-022andAmds.pdf,,,,
AIS-023,7_AIS_023_415b2e24-faa5-4080-95b7-04f1f8376daa.pdf,,,,
AIS-025,AIS-025 (Version 3) with Amd 1 to 8_2c627b8a-1b22-47a7-9e79-d162f42f2050.pdf,,,,
AIS-026,AIS-026 (Version3) with Amd 1_303e6731-a999-47a5-99cc-9067c30605f4.pdf,,,,
AIS-027,AIS-027 (Version 3)_with_Amd 1_7f0257bd-8335-4767-ad26-02c512aa8a9c.pdf,,,,
AIS-030,1781154018_AIS-030 (Rev.2).pdf,1784010622_AIS_030_ Rev1_with Amd 1 and 2.pdf,5~15~2008~12~01~48~PM31 AIS-030.pdf,,
AIS-034,918201455650PMAIS-034(Part1)(Rev1)andAmd1.pdf,AIS-034 (Rev.3) (Part 2)_Final_2e59fcf6-dd70-4a72-b06d-d2a485ee8640.pdf,AIS-034 (Rev.3)(Part 1)_Final_473e3dc9-67fa-4420-ade6-1203d4567074.pdf,PUB_12~29~2010~12~18~27~PM~AIS-034(Part2)(Rev1)F.pdf,PUB_5~23~2011~5~22~51~PM~AIS-034andAmd1and2.pdf
AIS-041,5~15~2008~12~14~01~PM40 AIS-041.PDF,AIS_041_Rev.1_with Amd 1_2c56319c-6228-4a3e-a29b-aa161b502807.pdf,,,
AIS-044,5~15~2008~12~18~36~PM43 AIS-044(Part 1).pdf,5~15~2008~12~20~09~PM44 AIS-044(Part 2).pdf,5~15~2008~12~21~32~PM45 AIS-044(Part 3).pdf,,
AIS-049,1781860831_5_AIS_049_Rev.1_with_Amd_1 and 2.pdf,413201592619AM13_7_AIS_049_Amd_2.pdf,,,
AIS-050,7212015105501AM14_7_AIS_050_Amds.pdf,,,,
AIS-051,77201442703PMAIS_051_Amd_1_and_2.pdf,,,,
AIS-052,AIS-052_08236d19-d9a3-4ef8-a50e-08f917ea40dc.pdf,,,,
AIS-055,1122018124450PMAIS_55_and_Amd_1.pdf,,,,
AIS-057,AIS-057_Rev_1_with Amd_57fb9704-c742-49c8-8cbc-5637bb2d783d.pdf,PUB_5~23~2011~5~34~49~PM~AIS-057F.pdf,,,
AIS-062,1781154159_AIS-062 (Rev.2).pdf,5~15~2008~1~05~57~PM58 AIS-062.pdf,AIS_062_Rev_1_540d4496-bc33-4159-a432-5ce6892e2a92.pdf,,
AIS-063,3272019101728AM7_AIS_063_and_Amds.pdf,,,,